"","xgboost","cubist","deepLearning","rf","LSTM"
"1",40,35,3,5,8.33333333333333
"2",1.66666666666667,3.58333333333333,35,6.58333333333333,16.4166666666667
